受理号,药品名称,注册申请人,申请日期,公示日期,公示截止日期,拟定适应症（或功能主治）,药品类型,注册分类
CXSL2200628,HH-003注射液,华辉安健（北京）生物科技有限公司,2023-03-20,2023-04-11,2023-04-18,慢性丁型肝炎病毒感染,治疗用生物制品,1.0
JXSL2000006,BI655130注射液,Boehringer Ingelheim International GmbH;Boehringer Ingelheim Pharma GmbH & Co. KG;勃林格殷格翰（中国）投资有限公司,2023-03-14,2023-04-11,2023-04-18,预防GPP发作,治疗用生物制品,2.2
JXSL2200022,VIS649,"Otsuka Pharmaceutical Development & Commercialization, Inc.;大冢制药研发（北京）有限公司;Vetter Development Services U.S.A Inc.;Almac Clinical Services",2022-10-24,2023-04-11,2023-04-18,IgA肾病,治疗用生物制品,1.0
JXSL2200185,Remternetug注射液,"Eli Lilly and Company;礼来苏州制药有限公司;Catalent Indiana, LLC",2023-02-17,2023-04-11,2023-04-18,早期阿尔茨海默病,治疗用生物制品,1.0
JXSL2200199,Remternetug注射液,"Eli Lilly and Company;礼来苏州制药有限公司;Catalent Indiana, LLC",2023-02-17,2023-04-11,2023-04-18,早期阿尔茨海默病,治疗用生物制品,1.0
JXSL2200200,Remternetug注射液（静脉注射）,"Eli Lilly and Company;礼来苏州制药有限公司;Vetter Development Services, Inc.",2023-02-17,2023-04-11,2023-04-18,早期阿尔茨海默病,治疗用生物制品,1.0
JXSL2101050,Talquetamab注射液,"Janssen Research & Development, LLC;强生（中国）投资有限公司;Patheon Manufacturing Services LLC;Janssen Pharmaceutica, NV；Fisher Clinical Services；Fisher Bioservices；Fisher Clinical Services；Fisher Clinical Services GmbH；Fisher Clinical Services UK Limited",2023-02-10,2023-03-31,2023-04-10,Talquetamab的拟申报适应症为治疗接受过至少3种既往治疗（包括一种蛋白酶体抑制剂、一种免疫调节剂和一种抗CD38抗体）的复发或难治性多发性骨髓瘤（RRMM）成人患者。,治疗用生物制品,1.0
JXSL2101051,Talquetamab注射液,"Janssen Research & Development, LLC;强生（中国）投资有限公司;Patheon Manufacturing Services LLC;Janssen Pharmaceutica, NV；Fisher Clinical Services；Fisher Bioservices；Fisher Clinical Services；Fisher Clinical Services GmbH；Fisher Clinical Services UK Limited",2023-02-10,2023-03-31,2023-04-10,Talquetamab的拟申报适应症为治疗接受过至少3种既往治疗（包括一种蛋白酶体抑制剂、一种免疫调节剂和一种抗CD38抗体）的复发或难治性多发性骨髓瘤（RRMM）成人患者。,治疗用生物制品,1.0
JXHL2200297,Ritlecitinib胶囊,无;辉瑞投资有限公司;无,2022-12-29,2023-03-29,2023-04-06,目前正在开发 Ritlecitinib用于适合系统性治疗的非节段型白癜风患者（≥ 12 岁）。,化药,1.0
CXHL2000002,TQB3454片,正大天晴药业集团股份有限公司,2023-02-28,2023-03-28,2023-04-04,用于治疗伴IDH1突变的局部晚期、复发和/或转移性胆道癌。,化药,1.0
CXHL2101654,HLX208片,上海复宏汉霖生物技术股份有限公司,2023-03-06,2023-03-28,2023-04-04,BRAF V600E突变的成人朗格汉斯细胞组织细胞增生症（LCH）和Erdheim-Chester病（ECD）,化药,1.0
JXHL2000251,Infigratinib胶囊,"QED Therapeutics, Inc.;Alcami Carolinas Corporation;Alcami Carolinas Corporation;上海联拓生物科技有限公司",2023-02-28,2023-03-28,2023-04-04,治疗既往接受过至少两线系统性治疗的、伴有FGFR2基因扩增的局部进展期或转移性胃癌或胃食管结合部腺癌患者,化药,1.0
JXHL2000252,Infigratinib胶囊,"QED Therapeutics, Inc.;Alcami Carolinas Corporation;Alcami Carolinas Corporation;上海联拓生物科技有限公司",2023-02-28,2023-03-28,2023-04-04,治疗既往接受过至少两线系统性治疗的、伴有FGFR2基因扩增的局部进展期或转移性胃癌或胃食管结合部腺癌患者,化药,1.0
CXHL1401549,AL8326片,杭州爱德程医药科技有限公司;南京爱德程宁欣药物研发有限公司;南京爱德程医药科技有限公司,2023-02-03,2023-03-16,2023-03-23,至少接受二线治疗方案（包括一线含铂治疗、二线单药或其他治疗）后进展或复发的小细胞肺癌。,化药,1.1
CXSL2000087,注射用SHR-A1811,上海恒瑞医药有限公司;江苏恒瑞医药股份有限公司;苏州盛迪亚生物医药有限公司,2023-02-03,2023-03-16,2023-03-23,注射用SHR-A1811单药治疗既往含铂化疗失败的HER2突变的晚期非小细胞肺癌患者,治疗用生物制品,1.0
JXHL2101007,LNP023胶囊,Novartis Pharma AG;诺华（中国）生物医学研究有限公司;Novartis Pharma AG,2023-01-19,2023-02-27,2023-03-06,治疗阵发性睡眠性血红蛋白尿（PNH）,化药,1.0
JXSL1800039,Guselkumab注射液,"Janssen-Cilag International NV;Cilag AG;Janssen R&D,a Division of Janssen Pharmaceutica,NV; Fisher Clinical Services; Fisher Clinical Services GmbH; Fisher BioPharma Services (India) Private Limited;西安杨森制药有限公司",2022-12-23,2023-02-27,2023-03-06,古塞奇尤单抗(Guselkumab)适用于治疗中重度活动性克罗恩病（CD）的成年患者,治疗用生物制品,2.2
JXSL2101112,古塞奇尤单抗注射液,"Janssen Research & Development, LLC;强生（中国）投资有限公司;Cilag AG;Janssen R&D, a Division of Janssen Pharmaceutica, NV;Fisher Clinical Services; Fisher Clinical Services GmbH;Catalent Pharma Solutions;Catalent Germany Schorndorf GmbH;Catalent Pharma Solutions,LLC",2022-12-23,2023-02-27,2023-03-06,古塞奇尤单抗适用于治疗中重度活动性克罗恩病（CD）的成年患者。,治疗用生物制品,2.2
JXSL2101113,古塞奇尤单抗注射液,"Janssen Research & Development, LLC;强生（中国）投资有限公司;Cilag AG;Janssen R&D, a Division of Janssen Pharmaceutica, NV;Fisher Clinical Services; Fisher Clinical Services GmbH;Catalent Pharma Solutions;Catalent Germany Schorndorf GmbH;Catalent Pharma Solutions,LLC",2022-12-23,2023-02-27,2023-03-06,古塞奇尤单抗适用于治疗中重度活动性克罗恩病（CD）的成年患者。,治疗用生物制品,2.2
CXSL1700044,重组人GM-CSF溶瘤II型单纯疱疹病毒（OH2）注射液（Vero细胞）,武汉滨会生物科技股份有限公司生物创新园分公司,2022-12-05,2023-02-17,2023-02-24,经至少二线以上标准治疗失败的不能手术切除或转移性的黑色素瘤患者（标准治疗包括化/放疗、免疫治疗、基因突变者可经靶向治疗；辅助治疗结束后6个月内或辅助治疗期间疾病进展为不可切除或转移性黑色素瘤，此辅助治疗可计为晚期一线治疗）。,治疗用生物制品,1.0
CXSL2000087,注射用SHR-A1811,上海恒瑞医药有限公司;江苏恒瑞医药股份有限公司;苏州盛迪亚生物医药有限公司,2023-01-19,2023-02-10,2023-02-17,注射用SHR-A1811用于人表皮生长因子受体2（HER2）低表达的复发或转移性乳腺癌。,治疗用生物制品,1.0
CXSL2000087,注射用SHR-A1811,上海恒瑞医药有限公司;江苏恒瑞医药股份有限公司;苏州盛迪亚生物医药有限公司,2023-01-05,2023-02-10,2023-02-17,注射用SHR-A1811用于人表皮生长因子受体2（HER2）阳性的复发或转移性乳腺癌患者,治疗用生物制品,1.0
CXHL1700266,SHR2554片,江苏恒瑞医药股份有限公司;江苏恒瑞医药股份有限公司;上海恒瑞医药有限公司,2022-12-02,2023-01-16,2023-01-28,复发或难治的外周T细胞淋巴瘤患者,化药,1.0
CXHL1700267,SHR2554片,江苏恒瑞医药股份有限公司;江苏恒瑞医药股份有限公司;上海恒瑞医药有限公司,2022-12-02,2023-01-16,2023-01-28,复发或难治的外周T细胞淋巴瘤患者,化药,1.0
CXSL2000010,注射用SKB264,四川科伦博泰生物医药股份有限公司,2022-11-27,2023-01-16,2023-01-28,EGFR-TKI治疗失败的局部晚期或转移性EGFR突变非小细胞肺癌,治疗用生物制品,1.0
JXSL2200044,Donanemab注射液,Eli Lilly and Company;礼来苏州制药有限公司;Lilly France,2022-07-29,2023-01-09,2023-01-16,早期症状性阿尔茨海默病，包括阿尔茨海默病所致的轻度认知障碍以及轻度阿尔茨海默病。,治疗用生物制品,1.0
CXHL2200244,GFH925片,信达生物制药（苏州）有限公司,2022-11-17,2022-12-27,2023-01-04,至少接受过一种系统性治疗的KRASG12C突变型的晚期非小细胞肺癌患者。,化药,1.0
CXHL2101005,JAB-21822片,北京加科思新药研发有限公司,2022-10-19,2022-12-08,2022-12-15,JAB-21822片用于治疗既往接受过至少一种系统性治疗（至多不超过三线治疗）的携带KRAS p.G12C突变的局部晚期或转移性非小细胞肺癌（NSCLC）患者,化药,1.0
CXHL2101006,JAB-21822片,北京加科思新药研发有限公司,2022-10-19,2022-12-08,2022-12-15,JAB-21822片用于治疗既往接受过至少一种系统性治疗（至多不超过三线治疗）的携带KRAS p.G12C突变的局部晚期或转移性非小细胞肺癌（NSCLC）患者。,化药,1.0
CXSL2101154,AK112注射液,中山康方生物医药有限公司;中山康方生物医药有限公司,2022-10-13,2022-11-11,2022-11-18,AK112联合多西他赛治疗既往PD-1/L1抑制剂和含铂化疗治疗失败的局部晚期或转移性非小细胞肺癌,治疗用生物制品,1.0
CXSL1700191,注射用重组人B淋巴细胞刺激因子受体－抗体融合蛋白,荣昌生物制药（烟台）有限公司,2022-08-24,2022-11-09,2022-11-16,全身型重症肌无力,治疗用生物制品,1.0
CXHL1100290,马来酸吡咯替尼片,江苏恒瑞医药股份有限公司;江苏恒瑞医药股份有限公司;上海恒瑞医药有限公司,2022-10-22,2022-11-03,2022-11-10,马来酸吡咯替尼片与曲妥珠单抗和多西他赛联合，用于治疗表皮生长因子受体2（HER2）阳性、晚期阶段未接受过抗HER2治疗的复发或转移性乳腺癌患者,化药,1.1
CXHL1100291,马来酸吡咯替尼片,江苏恒瑞医药股份有限公司;江苏恒瑞医药股份有限公司;上海恒瑞医药有限公司,2022-10-22,2022-11-03,2022-11-10,马来酸吡咯替尼片与曲妥珠单抗和多西他赛联合，用于治疗表皮生长因子受体2（HER2）阳性、晚期阶段未接受过抗HER2治疗的复发或转移性乳腺癌患者,化药,1.1
CXHL2000007,苹果酸法米替尼胶囊,江苏恒瑞医药股份有限公司;江苏恒瑞医药股份有限公司;上海恒瑞医药有限公司,2022-09-19,2022-10-20,2022-10-27,注射用卡瑞利珠单抗联合苹果酸法米替尼胶囊一线治疗肿瘤细胞PD-L1表达阳性（TPS≥1%）且不伴有EGFR/ALK基因异常的复发性或转移性非小细胞肺癌,化药,1.0
CXHL2000008,苹果酸法米替尼胶囊,江苏恒瑞医药股份有限公司;江苏恒瑞医药股份有限公司;上海恒瑞医药有限公司,2022-09-19,2022-10-20,2022-10-27,注射用卡瑞利珠单抗联合苹果酸法米替尼胶囊一线治疗肿瘤细胞PD-L1表达阳性（TPS≥1%）且不伴有EGFR/ALK基因异常的复发性或转移性非小细胞肺癌,化药,1.0
CXSL2000006,注射用卡瑞利珠单抗,苏州盛迪亚生物医药有限公司;苏州盛迪亚生物医药有限公司;江苏恒瑞医药股份有限公司;上海恒瑞医药有限公司,2022-09-19,2022-10-20,2022-10-27,注射用卡瑞利珠单抗联合苹果酸法米替尼胶囊一线治疗肿瘤细胞PD-L1表达阳性（TPS≥1%）且不伴有EGFR/ALK基因异常的复发性或转移性非小细胞肺癌,治疗用生物制品,1.0
CXSL2101154,AK112注射液,中山康方生物医药有限公司;中山康方生物医药有限公司,2022-09-22,2022-10-20,2022-10-27,联合化疗治疗经表皮生长因子受体酪氨酸激酶抑制剂（EGFR-TKI）治疗失败的EGFR突变的局部晚期或转移性非鳞非小细胞肺癌,治疗用生物制品,1.0
CXSL1600057,注射用MRG003,上海美雅珂生物技术有限责任公司,2022-08-23,2022-09-21,2022-09-28,既往经至少二线系统化疗（包括含铂化疗）和PD-1（L1）治疗失败的复发/转移性鼻咽癌,治疗用生物制品,1.0
CXSL2000229,CMG901,康诺亚生物医药科技（成都）有限公司,2022-08-08,2022-09-08,2022-09-16,经一线及以上治疗失败或不能耐受的 Claudin 18.2 阳性晚期胃癌,治疗用生物制品,1.0
CXHL1700174,YK-029A片,海南越康生物医药有限公司,2022-08-09,2022-09-05,2022-09-13,未经系统治疗的EGFR 20外显子插入突变（EGFR ex20ins）晚期非小细胞肺癌(NSCLC)患者,化药,1.0
CXSL2000111,AK112注射液,中山康方生物医药有限公司,2022-07-28,2022-08-31,2022-09-07,一线治疗PD-L1表达阳性（TPS≥1%）的局部晚期或转移性非小细胞肺癌,治疗用生物制品,1.0
CXSL1900045,注射用STSP-0601,舒泰神（北京）生物制药股份有限公司,2022-07-01,2022-08-29,2022-09-05,伴抑制物血友病A或B患者出血按需治疗,治疗用生物制品,1.0
JXSL2101002,Teclistamab 注射液,"Janssen Research & Development， LLC;强生（中国）投资有限公司;Patheon Manufacturing Services LLC;Janssen Research & Development, A division of Janssen Pharmaceutia NV； Fisher Clinical Services, Inc.； Fisher Clinical Services GmbH； Fisher Clinical Services UK Limited； Fisher Bioservices； Fisher Clinical Services",2022-07-26,2022-08-29,2022-09-05,Teclistamab适用于治疗既往至少接受过3线治疗的复发或难治性多发性骨髓瘤成人患者，其既往治疗包括一种蛋白酶体抑制剂（PI）、一种免疫调节剂（IMiD）和一种抗CD38单克隆抗体。,治疗用生物制品,1.0
JXSL2101003,Teclistamab 注射液,"Janssen Research & Development, LLC;强生（中国）投资有限公司;Patheon Manufacturing Services LLC;Janssen Research & Development, A division of Janssen Pharmaceutia NV； Fisher Clinical Services, Inc.； Fisher Clinical Services GmbH； Fisher Clinical Services UK Limited； Fisher Bioservices； Fisher Clinical Services",2022-07-26,2022-08-29,2022-09-05,Teclistamab适用于治疗既往至少接受过3线治疗的复发或难治性多发性骨髓瘤成人患者，其既往治疗包括一种蛋白酶体抑制剂（PI）、一种免疫调节剂（IMiD）和一种抗CD38单克隆抗体。,治疗用生物制品,1.0
CXSL2101082,BBM-H901注射液,上海信致医药科技有限公司,2022-06-27,2022-08-16,2022-08-23,预防血友病B（先天性凝血因子Ⅸ缺乏症）的成年男性患者出血,治疗用生物制品,1.0
CXHL2000394,ABSK021胶囊,上海和誉生物医药科技有限公司,2022-06-20,2022-07-12,2022-07-19,不可手术的腱鞘巨细胞瘤,化药,1.0
CXHL2000395,ABSK021胶囊,上海和誉生物医药科技有限公司,2022-06-20,2022-07-12,2022-07-19,不可手术的腱鞘巨细胞瘤,化药,1.0
CXHL2000396,ABSK021胶囊,上海和誉生物医药科技有限公司,2022-06-20,2022-07-12,2022-07-19,不可手术的腱鞘巨细胞瘤,化药,1.0
CXSL2100016,NR082眼用注射液,武汉纽福斯生物科技有限公司;纽福斯（苏州）生物科技有限公司,2022-05-20,2022-07-07,2022-07-14,Leber遗传性视神经病变（G11778A突变）,治疗用生物制品,1.0
CXSL1800063,抗人BCMA T细胞注射液,上海恒润达生生物科技有限公司,2022-04-27,2022-07-04,2022-07-11,复发/难治性多发性骨髓瘤,治疗用生物制品,1.0
JXSL2101118,OAV101注射液,无;诺华（中国）生物医学研究有限公司;无,2022-04-29,2022-07-04,2022-07-11,拟用于脊髓性肌萎缩症（SMA）患者的治疗。,治疗用生物制品,2.1
CXSL2000010,注射用SKB264,四川科伦博泰生物医药股份有限公司,2022-05-27,2022-06-29,2022-07-06,局部晚期或转移性三阴乳腺癌（TNBC）,治疗用生物制品,1.0
CXSL1900094,CM310重组人源化单克隆抗体注射液,康诺亚生物医药科技（成都）有限公司,2021-12-31,2022-06-07,2022-06-14,中重度特应性皮炎,治疗用生物制品,1.0
JXHL2101243,Ritlecitinib胶囊,无;辉瑞投资有限公司;无,2022-01-28,2022-06-07,2022-06-14,目前正在开发Ritlecitinib用于治疗成人中度至重度活动性溃疡性结肠炎（UC）。,化药,1.0
CXHL2000561,D-1553片,益方生物科技（上海）有限公司,2022-05-17,2022-06-01,2022-06-09,本品拟用于既往接受抗PD-(L)1治疗和/或化疗后出现疾病进展，并经检测确认存在KRAS G12C突变且无其它驱动基因突变或重排（如EGFR，ALK和ROS1）的局部晚期或转移性非小细胞肺癌患者,化药,1.0
JXHL2000253,Repotrectinib胶囊,无;无;再鼎医药（上海）有限公司,2022-04-18,2022-06-01,2022-06-09,治疗既往接受过一线ROS1 TKI以及一线含铂化疗治疗失败的ROS1阳性非小细胞肺癌,化药,1.0
JXHL2000253,Repotrectinib胶囊,无;无;再鼎医药（上海）有限公司,2022-04-18,2022-06-01,2022-06-09,治疗既往接受过一线ROS1 TKI治疗失败且未接受过化疗或免疫治疗的ROS1阳性非小细胞肺癌,化药,1.0
CXHL2101030,甲磺酸伏美替尼片,上海艾力斯医药科技股份有限公司,2022-03-16,2022-04-26,2022-05-06,本品适用于经检测确认存在表皮生长因子受体（EGFR）20外显子插入突变阳性，含铂化疗期间或化疗后出现疾病进展的局部晚期或转移性非小细胞性肺癌（NSCLC）成人患者的治疗。,化药,2.4
CXHL2000044,IN10018片,应世生物科技（上海）有限公司,2022-01-30,2022-04-06,2022-04-13,IN10018联合聚乙二醇脂质体多柔比星（PLD）治疗铂耐药复发卵巢癌,化药,1.0
CXSL2000231,IBI310,信达生物制药（苏州）有限公司;信达生物制药（苏州）有限公司,2022-02-21,2022-04-06,2022-04-13,用于经一线及以上含铂化疗失败或不能耐受的晚期宫颈癌的治疗,治疗用生物制品,3.3
CXSL2000232,信迪利单抗注射液,信达生物制药（苏州）有限公司;信达生物制药（苏州）有限公司,2022-02-21,2022-04-06,2022-04-13,用于经一线及以上含铂化疗失败或不能耐受的晚期宫颈癌的治疗,治疗用生物制品,2.2
CXSL2101357,TQB2450注射液,正大天晴药业集团股份有限公司,2022-02-24,2022-04-06,2022-04-13,既往接受过一、二线化疗方案治疗失败或不能耐受的非微卫星高度不稳定（非MSI-H）或非DNA错配修复缺陷（非dMMR）的复发性或转移性子宫内膜癌的治疗。,治疗用生物制品,1.0
JXSL1800052,DS-8201a,"Daiichi Sankyo, Inc.;Baxter Oncology GmbH;Fisher Clinical Services U.K. Limited;昆泰企业管理（上海）有限公司",2021-12-24,2022-04-01,2022-04-11,Trastuzumab deruxtecan (T-DXd)用于治疗既往接受过一种或一种以上抗HER2药物治疗的不可切除或转移性HER2阳性乳腺癌成人患者。,治疗用生物制品,2.2
CXSL1800002,JWCAR029（CD19靶向嵌合抗原受体T细胞）,上海明聚生物科技有限公司,2022-02-24,2022-03-24,2022-03-31,经过二线及以上治疗的成人复发难治性套细胞淋巴瘤,治疗用生物制品,1.0
JXHL2101234,阿普唑仑吸入粉剂,UCB Pharma SA;优时比贸易（上海）有限公司;Alexza Pharmaceuticals Inc.,2022-01-21,2022-03-22,2022-03-29,快速终止12周岁及以上患者的刻板性癫痫长时间发作。,化药,2.2
JXHL2101079,LNP023胶囊,Novartis Pharma AG;诺华（中国）生物医学研究有限公司;Novartis Pharma Produktions GmbH,2021-12-29,2022-03-14,2022-03-21,C3肾小球病（C3G）,化药,1.0
CXSL2100089,TNM002注射液,珠海泰诺麦博生物技术有限公司,2021-12-09,2022-02-24,2022-03-03,预防破伤风,治疗用生物制品,1.0
CXHL1900438,AB-106胶囊,葆元生物医药科技（杭州）有限公司,2022-01-29,2022-02-18,2022-02-25,携带ROS1融合基因且未经ROS1-TKI治疗的非小细胞肺癌（NSCLC）,化药,1.0
CXHL1900438,AB-106胶囊,葆元生物医药科技（杭州）有限公司,2022-01-29,2022-02-18,2022-02-25,携带ROS1融合基因且经ROS1-TKI治疗失败的非小细胞肺癌（NSCLC）。,化药,1.0
JXSL2000150,注射用ZW25,"BeiGene,Ltd.;Patheon Manufacturing Services LLC;百济神州（北京）生物科技有限公司",2021-12-27,2022-02-17,2022-02-24,注射用ZW25单药治疗既往接受系统化疗失败的HER2阳性的局部晚期不可切除或转移性胆道癌（BTC）,治疗用生物制品,1.0
JXHL2000272,CK-3773274片,/;/;箕星药业科技（上海）有限公司,2021-10-29,2022-02-07,2022-02-14,Aficamten（CK-3773274）是一种心肌肌球蛋白抑制剂，适用于治疗梗阻性肥厚型心肌病(oHCM)，可改善患者的健康状况、功能分级（纽约心脏病协会[NYHA]分级）和运动能力。,化药,1.0
JXHL2101087,Mavacamten胶囊,Lian Cardiovascular Limited;上海联拓生物科技有限公司;Patheon Inc.,2021-11-30,2022-02-07,2022-02-14,Mavacamten胶囊适用于治疗有症状的梗阻性肥厚型心肌病（oHCM）成人患者，以改善运动能力、纽约心脏病协会（NYHA）心功能分级和症状。,化药,1.0
JXHL2101088,Mavacamten胶囊,Lian Cardiovascular Limited;上海联拓生物科技有限公司;Patheon Inc.,2021-11-30,2022-02-07,2022-02-14,Mavacamten胶囊适用于治疗有症状的梗阻性肥厚型心肌病（oHCM）成人患者，以改善运动能力、纽约心脏病协会（NYHA）心功能分级和症状。,化药,1.0
JXHL2101089,Mavacamten胶囊,Lian Cardiovascular Limited;上海联拓生物科技有限公司;Patheon Inc.,2021-11-30,2022-02-07,2022-02-14,Mavacamten胶囊适用于治疗有症状的梗阻性肥厚型心肌病（oHCM）成人患者，以改善运动能力、纽约心脏病协会（NYHA）心功能分级和症状。,化药,1.0
JXHL2101090,Mavacamten胶囊,Lian Cardiovascular Limited;上海联拓生物科技有限公司;Patheon Inc.,2021-11-30,2022-02-07,2022-02-14,Mavacamten胶囊适用于治疗有症状的梗阻性肥厚型心肌病（oHCM）成人患者，以改善运动能力、纽约心脏病协会（NYHA）心功能分级和症状。,化药,1.0
JXHL2101091,Mavacamten胶囊,Lian Cardiovascular Limited;上海联拓生物科技有限公司;Patheon Inc.,2021-11-30,2022-02-07,2022-02-14,Mavacamten胶囊适用于治疗有症状的梗阻性肥厚型心肌病（oHCM）成人患者，以改善运动能力、纽约心脏病协会（NYHA）心功能分级和症状。,化药,1.0
JXSL2101038,Nipocalimab注射液,"Janssen Research & Development, LLC ;强生（中国）投资有限公司;Vetter Pharma-Fertigung GmbH & Co. KG;Janssen R&D, a Division of Janssen Pharmaceutica, NV；Catalent CTS, LLC；Catalent Pharma Solutions, LLC；Catalent Germany Schorndorf GmbH；Fisher Clinical Services UK；Fisher Clinical Services；Fisher Clinical Services (Allentown)",2021-08-26,2022-01-14,2022-01-21,本品用于全身型重症肌无力（gMG）的治疗。,生物制品,1.0
CXHB1800096,HMPL-523乙酸盐片,和记黄埔医药（上海）有限公司,2021-11-08,2022-01-04,2022-01-11,既往接受过一线标准治疗（糖皮质激素、免疫球蛋白）无效或复发的成人原发慢性免疫性血小板减少症,化药,1.0
CXHL1401948,BGB-3111胶囊,百济神州（北京）生物科技有限公司,2021-11-26,2022-01-04,2022-01-11,新诊断慢性淋巴细胞白血病/小淋巴细胞淋巴瘤成人患者,化药,1.1
CXHL1700196,SHC014748M,南京圣和药业股份有限公司;南京圣和药业股份有限公司,2021-11-03,2022-01-04,2022-01-11,既往接受至少二线治疗后复发难治的滤泡性淋巴瘤患者,化药,1.0
CXHL1700197,SHC014748M胶囊,南京圣和药业股份有限公司;南京圣和药业股份有限公司,2021-11-03,2022-01-04,2022-01-11,既往接受至少二线治疗后复发难治的滤泡性淋巴瘤患者,化药,1.0
CXHL1700198,SHC014748M胶囊,南京圣和药业股份有限公司;南京圣和药业股份有限公司,2021-11-03,2022-01-04,2022-01-11,既往接受至少二线治疗后复发难治的滤泡性淋巴瘤患者,化药,1.0
JXHL2000253,Repotrectinib胶囊,无;无;再鼎医药（上海）有限公司,2021-11-16,2021-12-31,2022-01-10,用于治疗ROS1 TKI初治的ROS1阳性非小细胞肺癌患者,化药,1.0
JXSL2101028,PB2452注射液,"SFJ Pharmaceuticals, Inc.;百时益医药研发（北京）有限公司;Berkshire Sterile Manufacturing",2021-08-11,2021-12-15,2021-12-22,PB2452的目标适应症是在接受替格瑞洛治疗后出现失控大出血或危及生命的出血的成人患者中或在紧急手术或干预前需要逆转替格瑞洛的抗血小板作用。 ,生物制品,1.0
CXHL2100184,甲磺酸伏美替尼片,上海艾力斯医药科技股份有限公司;江苏艾力斯生物医药有限公司,2021-10-19,2021-11-23,2021-11-30,具有表皮生长因子受体（EGFR）外显子19缺失或外显子21（L858R）置换突变的局部晚期或转移性非小细胞肺癌（NSCLC）成人患者的一线治疗。,化药,2.4
CXHB1900055,注射用BEBT-908,广州必贝特医药技术有限公司,2021-08-20,2021-09-29,2021-10-12,经过至少2种系统治疗后复发或难治性弥漫性大B细胞淋巴瘤(r/r DLBCL)，其中复发/难治的定义为：（1）二线治疗结束后6个月以上复发；（2）二线治疗结束后6个月内复发及二线治疗2个或2个以上治疗周期未达PR者，二线治疗过程中进展者，不做治疗周期的规定可作为难治患者入选；（3）二线治疗序贯造血干细胞移植后6个月之内复发。既往治疗应包括抗CD20单抗和细胞毒性药物治疗；抗CD20单抗单药巩固治疗或诱导治疗不能算作单独的一个治疗线；允许既往干细胞移植；单独的自体干细胞移植或异体干细胞移植不能算作一线治疗，诱导、巩固、干细胞收集、预处理方案和移植±维持治疗属于一个治疗线。,化药,1.0
CXHB1600071,谷美替尼片,,2021-07-15,2021-09-03,2021-09-10,具有MET14外显子跳变的局部晚期或转移性非小细胞肺癌,化药,1.0
CXHL1600107,HMPL-689胶囊,和记黄埔医药（上海）有限公司,2021-08-13,2021-09-03,2021-09-10,HMPL-689胶囊单药治疗既往至少接受过二线系统性治疗，且其中至少有一线治疗包含CD20单抗（CD20单抗单药治疗或联合化疗）的复发/难治FL患者（病理分级Grade 1-3a）,化药,1.0
JXSL1800003,FPA144注射液,"Five Prime Therapeutics, Inc.;Patheon Manufacturing Services LLC;杭州泰格医药科技股份有限公司",2021-06-11,2021-09-03,2021-09-10,本品与mFOLFOX6 (氟尿嘧啶、亚叶酸和奥沙利铂) 联合用于一线治疗FGFR2b过表达 (免疫组织化学法检测至少10%肿瘤细胞过表达FGFR2b)、人表皮生长因子受体（HER2）阴性局部晚期或转移性胃和胃食管结合部癌（GEJ）患者。,生物制品,1.0
CXHL2000409,SHR3680片,江苏恒瑞医药股份有限公司;江苏恒瑞医药股份有限公司,2021-07-30,2021-08-26,2021-09-02,本品适用于治疗高瘤负荷的转移性激素敏感性前列腺癌患者。,化药,1.0
JXHL2000190,TAK-994片,"Takeda Development Center Americas, Inc.;SPERA Pharma Inc.;武田（中国）国际贸易有限公司",2021-07-21,2021-08-26,2021-09-02,发作性睡病1型,化药,1.0
JXHL2000191,TAK-994片,"Takeda Development Center Americas, Inc.;SPERA Pharma Inc.;武田（中国）国际贸易有限公司",2021-07-23,2021-08-26,2021-09-02,发作性睡病1型,化药,1.0
JXHL2000192,TAK-994片,"Takeda Development Center Americas, Inc.;SPERA Pharma Inc.;武田（中国）国际贸易有限公司",2021-07-23,2021-08-26,2021-09-02,发作性睡病1型,化药,1.0
CXSL2100098,阿基仑赛注射液,复星凯特生物科技有限公司;复星凯特生物科技有限公司,2021-06-11,2021-08-09,2021-08-16,治疗接受过二线或以上系统治疗后复发或难治性惰性非霍奇金淋巴瘤，包含滤泡性淋巴瘤（简称FL）和边缘区淋巴瘤（简称MZL）,生物制品,1.0
JXHL2000170,GSK3228836 注射液,GlaxoSmithKline Trading Services Limited;GlaxoSmithKline Manufacturing S.p.A;葛兰素史克（中国）投资有限公司,2021-04-21,2021-08-09,2021-08-16,GSK3228836目前拟用于慢性乙型肝炎的治疗,化药,1.0
JXSL2000086,RO7082859,F.Hoffmann-La Roche Ltd;Genentech Inc.;罗氏（中国）投资有限公司,2021-06-25,2021-07-30,2021-08-06,用于经两线或多线系统治疗后的复发或难治性成人弥漫大B细胞淋巴瘤患者 (r/r DLBCL)，包括非特指型弥漫性大B细胞淋巴瘤（DLBCL-NOS）、高级别B细胞淋巴瘤（HGBCL）、滤泡性淋巴瘤转化的DLBCL（trFL）和原发性纵隔大B细胞淋巴瘤（PMBCL）。,生物制品,1.0
JXSL2000101,RO7112689,/;/;罗氏（中国）投资有限公司,2021-06-23,2021-07-30,2021-08-06,体重≥40 kg、目前未接受补体抑制剂治疗的阵发性睡眠性血红蛋白尿症患者,生物制品,1.0
JXHL1900170,JNJ-56136379片,Janssen Sciences Ireland Unlimited Company;Janssen Research & Development A Division of Janssen Pharmaceutica NV;Fisher Clinical Services；Fisher Clinical Services GmbH;西安杨森制药有限公司,2021-03-23,2021-07-12,2021-07-19,慢性乙型肝炎病毒感染 ,化药,1.0
JXHL1900171,JNJ-73763989注射剂,"Janssen Sciences Ireland Unlimited Company;Integrity Bio, Inc.;Janssen Research & Development A Division of Janssen Pharmaceutica NV；Fisher Clinical Services；Fisher Clinical Services GmbH;西安杨森制药有限公司",2021-03-23,2021-07-12,2021-07-19,慢性乙型肝炎病毒感染 ,化药,1.0
JXSL2000111,注射用重组人凝血因子VIII Fc-血管性血友病因子-XTEN融合蛋白,"Bioverativ Therapeutics,Inc.;Biogen,Inc.;赛诺菲（中国）投资有限公司",2021-04-19,2021-07-12,2021-07-19,BIVV001拟定的适应症是用于患有A型血友病的成人和儿童：（1）常规预防治疗，用于减少出血的发生频率；（2）出血的按需治疗；（3）围手术期出血的处理。,生物制品,1.0
JXSL2000112,注射用重组人凝血因子VIII Fc-血管性血友病因子-XTEN融合蛋白,"Bioverativ Therapeutics,Inc.;Biogen,Inc.;赛诺菲（中国）投资有限公司",2021-04-19,2021-07-12,2021-07-19,BIVV001拟定的适应症是用于患有A型血友病的成人和儿童：（1）常规预防治疗，用于减少出血的发生频率；（2）出血的按需治疗；（3）围手术期出血的处理。,生物制品,1.0
JXSL2000113,注射用重组人凝血因子VIII Fc-血管性血友病因子-XTEN融合蛋白,"Bioverativ Therapeutics,Inc.;Biogen,Inc.;赛诺菲（中国）投资有限公司",2021-04-19,2021-07-12,2021-07-19,BIVV001拟定的适应症是用于患有A型血友病的成人和儿童：（1）常规预防治疗，用于减少出血的发生频率；（2）出血的按需治疗；（3）围手术期出血的处理。,生物制品,1.0
JXSL2000114,注射用重组人凝血因子VIII Fc-血管性血友病因子-XTEN融合蛋白,"Bioverativ Therapeutics,Inc.;Biogen,Inc.;赛诺菲（中国）投资有限公司",2021-04-19,2021-07-12,2021-07-19,BIVV001拟定的适应症是用于患有A型血友病的成人和儿童：（1）常规预防治疗，用于减少出血的发生频率；（2）出血的按需治疗；（3）围手术期出血的处理。,生物制品,1.0
JXSL2000115,注射用重组人凝血因子VIII Fc-血管性血友病因子-XTEN融合蛋白,"Bioverativ Therapeutics,Inc.;Biogen,Inc.;赛诺菲（中国）投资有限公司",2021-04-19,2021-07-12,2021-07-19,BIVV001拟定的适应症是用于患有A型血友病的成人和儿童：（1）常规预防治疗，用于减少出血的发生频率；（2）出血的按需治疗；（3）围手术期出血的处理。,生物制品,1.0
JXSL2000116,注射用重组人凝血因子VIII Fc-血管性血友病因子-XTEN融合蛋白,"Bioverativ Therapeutics,Inc.;Biogen,Inc.;赛诺菲（中国）投资有限公司",2021-04-19,2021-07-12,2021-07-19,BIVV001拟定的适应症是用于患有A型血友病的成人和儿童：（1）常规预防治疗，用于减少出血的发生频率；（2）出血的按需治疗；（3）围手术期出血的处理。,生物制品,1.0
CXHL1600235,TQ-B3525片,正大天晴药业集团股份有限公司;正大天晴药业集团股份有限公司,2021-05-15,2021-07-08,2021-07-15,既往至少二线治疗失败的复发/难治滤泡性淋巴瘤治疗,化药,1.0
CXHL1600236,TQ-B3525片,正大天晴药业集团股份有限公司;正大天晴药业集团股份有限公司,2021-05-17,2021-07-08,2021-07-15,既往至少二线治疗失败的复发/难治滤泡性淋巴瘤治疗 ,化药,1.0
CXHL1600237,TQ-B3525片,正大天晴药业集团股份有限公司;正大天晴药业集团股份有限公司,2021-05-17,2021-07-08,2021-07-15,既往至少二线治疗失败的复发/难治滤泡性淋巴瘤治疗 ,化药,1.0
CXSL1400087,注射用重组人源化抗HER2单抗-MMAE偶联剂,烟台荣昌生物工程有限公司,2021-04-30,2021-06-21,2021-06-28,既往接受过曲妥珠单抗和紫杉类药物治疗的HER2阳性存在肝转移的晚期乳腺癌患者。,生物制品,1.0
JXHL2100015,BI 425809 片,Boehringer Ingelheim International GmbH;Boehringer Ingelheim Pharma GmbH & Co. KG;勃林格殷格翰（中国）投资有限公司,2021-05-14,2021-06-21,2021-06-28,BI 425809适用于治疗精神分裂症成人患者的认知障碍。,化药,1.0
JXSL1900079,BI655130注射液,Boehringer Ingelheim International GmbH;Boehringer Ingelheim Pharma GmbH & Co. KG;勃林格殷格翰（中国）投资有限公司,2021-03-26,2021-06-17,2021-06-24,泛发性脓疱型银屑病（GPP）,生物制品,1.0
CXSL2000113,注射用重组人源化抗HER2单抗-AS269偶联物（ARX788）,浙江医药股份有限公司;浙江新码生物医药有限公司,2021-03-31,2021-05-18,2021-05-25,HER2阳性晚期乳腺癌二线治疗,生物制品,1.0
CXHL1600150,HS-10296片,江苏豪森药业集团有限公司;江苏豪森药业集团有限公司,2021-02-19,2021-04-09,2021-04-16,用于表皮生长因子受体（EGFR）敏感突变阳性的局部晚期或转移性非小细胞肺癌（NSCLC）患者的一线治疗,化药,2.4
CXHB1600078,纳曲酮植入剂,湖南赛沃药业有限公司;湖南省中医药研究院中药研究所,2021-02-23,2021-04-08,2021-04-15,用于阿片类物质依赖患者脱毒后的防复吸治疗,化药,2.2
JXHL2000297,JNJ-53718678口服混悬液,"Janssen Research&Development,LLC;Penn Pharmaceutical Services Limited;Penn Pharmaceutical Services Limited;强生（中国）投资有限公司",2021-02-21,2021-03-23,2021-03-30,治疗儿童呼吸道合胞病毒（RSV）所致中重度呼吸道感染,化药,1.0
CXHL1500860,耐克替尼片,广州顺健生物医药科技有限公司,2021-02-24,2021-03-22,2021-03-29,用于治疗一代和二代酪氨酸激酶抑制剂耐药和/或不耐受的慢性期慢性髓性白血病患者,化药,1.1
JXHL1900199,Parsaclisib片,Incyte Biosciences International Sàrl;Quotient Sciences Philadelphia LLC;信达生物制药（苏州）有限公司,2021-02-07,2021-03-22,2021-03-29,复发性或难治性滤泡性淋巴瘤,化药,1.0
CXHL1900242,SHR6390片,江苏恒瑞医药股份有限公司;江苏恒瑞医药股份有限公司;上海恒瑞医药有限公司,2021-03-02,2021-03-17,2021-03-24,SHR6390片联合氟维司群用于经内分泌治疗后进展的激素受体（HR）阳性、人表皮生长因子受体2（HER2）阴性的复发或转移性乳腺癌的治疗,化药,1.0
CXHB1300111,羟尼酮胶囊,上海睿星基因技术有限公司,2021-03-08,2021-03-16,2021-03-23,用于治疗慢性乙型肝炎肝纤维化。,化药,1.0
CXHL1200521,西奥罗尼胶囊,深圳微芯生物科技有限责任公司,2021-01-26,2021-03-16,2021-03-23,西奥罗尼联合紫杉醇周疗治疗铂难治或铂耐药复发卵巢癌。,化药,1.0
CXSL1400138,重组人源化抗PD-1单克隆抗体注射液,泰州君实生物医药科技有限公司;苏州君盟生物医药科技有限公司;上海君实生物医药科技有限公司,2021-02-10,2021-03-16,2021-03-23,晚期黏膜黑色素瘤的一线治疗,生物制品,1.0
CXSL1600045,GLS-010注射液,哈尔滨誉衡药业股份有限公司;无锡药明康德生物技术股份有限公司,2021-02-10,2021-03-16,2021-03-23,接受过一线或以上含铂标准化疗后进展的复发或转移、PD-L1表达阳性（CPS≥1）宫颈癌,生物制品,1.0
JXSL2000224,Semaglutide 注射液,丹麦诺和诺德公司;丹麦诺和诺德公司;诺和诺德（中国）制药有限公司,2021-02-08,2021-03-16,2021-03-23,司美格鲁肽皮下注射剂适用于非酒精性脂肪性肝炎（NASH）的治疗 ,生物制品,2.2
CXHL1400093,伯瑞替尼,北京浦润奥生物科技有限责任公司,2021-01-05,2021-02-22,2021-03-01,c-Met外显子14突变的非小细胞肺癌,化药,1.1
CXSL1900060,全人源BCMA嵌合抗原受体自体T细胞注射液,南京驯鹿医疗技术有限公司,2020-12-11,2021-02-09,2021-02-22,复发/难治性多发性骨髓瘤,生物制品,1.0
CXSL1600075,重组抗PD-L1全人单克隆抗体注射液,基石药业（苏州）有限公司;拓石药业（上海）有限公司,2020-12-28,2021-01-29,2021-02-05,复发或难治性结外自然杀伤细胞/T细胞淋巴瘤（R/R ENKTL）,生物制品,1.0
CXSL1700004,重组全人抗PD-L1单克隆抗体注射液,兆科（广州）肿瘤药物有限公司,2020-10-28,2021-01-29,2021-02-05,接受过一线含铂方案失败或者不能耐受的复发转移性宫颈癌。,治疗用生物制品,1.0
CXHL1900030,SHR0302片,瑞石生物医药有限公司,2020-11-19,2021-01-21,2021-01-28,本品拟用于12岁及以上青少年及成人中重度特应性皮炎的治疗。 ,化药,1.0
JXHL1800059,TAK-935片,"Takeda Development Center Americas, Inc.;SPERA PHARMA, Inc.;Fisher Clinical Services Inc.;武田药品（中国）有限公司",2020-12-09,2021-01-20,2021-01-27,"1. Dravet综合征
2. Lennox-Gastaut综合征",化药,1.0
JXHL1800060,TAK-935片,"Takeda Development Center Americas, Inc.;SPERA PHARMA, Inc.;Fisher Clinical Services Inc.;武田药品（中国）有限公司",2020-12-09,2021-01-20,2021-01-27,"1. Dravet综合征
2. Lennox-Gastaut综合征",化药,1.0
JXHL2000006,Maribavir片,"Shire ViroPharma, Incorporated;Patheon Inc.;武田（中国）国际贸易有限公司",2020-12-08,2021-01-20,2021-01-27,拟用于治疗移植后发生的巨细胞病毒（CMV）感染或疾病，包括对更昔洛韦、缬更昔洛韦、西多福韦和膦甲酸钠难治的和耐药的感染。,化药,1.0
JXSL1800020,HBM9161(HL161BKN)注射液,Harbour BioMed Therapeutics Limited;Vetter Development Services U.S.A Inc.;和铂医药(广州)有限公司,2020-10-30,2021-01-20,2021-01-27,拟用于全身型重症肌无力,治疗用生物制品,1.0
JXSL2000141,Nirsevimab注射液,AstraZeneca AB;PATHEON ITALIA S.P.A.;阿斯利康投资（中国）有限公司,2020-11-02,2021-01-20,2021-01-27,Niresevimab适用于预防呼吸道合胞病毒RSV下呼吸道疾病。1.在婴儿的第一个RSV感染季2.在患有早产儿慢性肺病CLD或患有血液动力学显著改变的先天性心脏病CHD婴儿和儿童中的第一个和第二个RSV感染季,治疗用生物制品,1.0
JXHL2000206,AMG 510,Amgen Inc.;Patheon Inc.;百济神州（北京）生物科技有限公司,2020-12-19,2021-01-12,2021-01-19,AMG510用于治疗既往接受过至少一种系统性治疗的携带KRAS p.G12C突变的局部晚期或转移性非小细胞肺癌（NSCLC）患者 ,化药,1.0
JXHL1500049,Copanlisib注射用冻干制剂,Bayer Pharma AG;Bayer Pharma AG;拜耳医药保健有限公司,2020-11-23,2020-12-24,2020-12-31,用于治疗既往接受过至少两线治疗的复发性边缘区淋巴瘤（MZL）成人患者 ,化药,2.4
JXHL2000216,Uproleselan注射液,冠科美博（香港）有限公司;Patheon Manufacturing Services LLC;浙江冠科美博生物科技有限公司,2020-09-30,2020-12-24,2020-12-31,用于成人复发或难治性急性髓系白血病(AML)。,化药,1.0
JXSL2000147,DS-8201a,"Daiichi Sankyo, Inc.;Baxter Oncology GmbH;阿斯利康投资（中国）有限公司",2020-11-26,2020-12-23,2020-12-30,Trastuzumab deruxtecan（代号DS-8201a或T-DXd）单药用于既往接受过一种或一种以上治疗方案的HER2阳性局部晚期或转移性胃或食管胃结合部（GEJ）腺癌成人患者的治疗。,治疗用生物制品,2.2
CXHB2000005,DZD9008片,迪哲（江苏）医药有限公司,2020-11-17,2020-12-18,2020-12-25,既往至少接受过一次全身化疗的携带表皮生长因子受体(EGFR) 20号外显子插入突变的局部晚期或转移性非小细胞肺癌(NSCLC),化药,1.0
CXHB2000006,DZD9008片,迪哲（江苏）医药有限公司,2020-11-16,2020-12-18,2020-12-25,既往至少接受过一次全身化疗的携带表皮生长因子受体(EGFR) 20号外显子插入突变的局部晚期或转移性非小细胞肺癌(NSCLC),化药,1.0
CXHB2000007,DZD9008片,迪哲（江苏）医药有限公司,2020-11-17,2020-12-18,2020-12-25,"既往至少接受过一次全身化疗的携带表皮生长因子受体(EGFR) 20号外显子插入突变的局部晚期或转移性非小细胞肺癌(NSCLC)

",化药,
CXHL1200521,西奥罗尼胶囊,深圳微芯生物科技有限责任公司,2020-11-10,2020-12-18,2020-12-25,西奥罗尼胶囊单药治疗经过2线系统化疗方案治疗后疾病进展或复发的小细胞肺癌,化药,1.0
CXHL1900148,DZD9008片,迪哲（江苏）医药有限公司,2020-11-17,2020-12-18,2020-12-25,既往至少接受过一次全身化疗的携带表皮生长因子受体(EGFR) 20号外显子插入突变的局部晚期或转移性非小细胞肺癌(NSCLC),化药,1.0
JXHL1900001,BLU-667胶囊,Blueprint Medicines Corporation;Juniper Pharma Services Limited;基石药业（苏州）有限公司,2020-11-26,2020-12-18,2020-12-25,转染重排（RET）突变阳性的晚期或转移性甲状腺髓样癌（MTC）患者的系统性治疗。,化药,1.0
CXSL1400087,注射用重组人源化抗HER2单抗-MMAE偶联剂,烟台荣昌生物工程有限公司,2020-09-16,2020-12-17,2020-12-24,HER2过表达局部晚期或转移性尿路上皮癌患者（包括膀胱、输尿管、肾盂及尿道来源），且为既往经过化疗失败后进展的患者。HER2过表达定义为经IHC检测原发灶或转移灶肿瘤组织HER2表达为IHC 2+或IHC 3+。,治疗用生物制品,1.0
CXSL1800106,抗CD19嵌合抗原受体T细胞注射液,合源生物科技（天津）有限公司,2020-11-03,2020-12-11,2020-12-18,复发或难治性急性淋巴细胞白血病,治疗用生物制品,1.0
JXHL1800189,PF-06651600片,Pfizer Inc.;Pfizer Limited;辉瑞投资有限公司,2020-09-29,2020-12-11,2020-12-18,PF-06651600适用于≥12岁斑秃患者（包括全秃[AT]和普秃[AU]）的治疗。,化药,1.0
JXHL2000164,BN101片,"BK Pharmaceuticals Limited;UPM Pharmaceuticals, Inc.;烨辉医药科技（上海）有限公司",2020-09-30,2020-12-11,2020-12-18,"本品拟用于至少经过一线系统治疗的慢性移植物抗宿主病（Chronic Graft Versus Host Disease, cGVHD）患者的治疗。",化药,1.0
CXSL1800054,CT053全人抗BCMA自体CAR T细胞注射液,上海科济制药有限公司,2020-08-24,2020-11-30,2020-12-07,复发难治多发性骨髓瘤,治疗用生物制品,1.0
JXHL1900242,Nefecon缓释胶囊,Calliditas Therapeutics AB;Patheon Pharmaceuticals Inc.;云屹药业（上海）有限公司,2020-08-03,2020-11-30,2020-12-07,原发性IgA肾病（IgAN）,化药,2.2
JXHL1900376,TQJ230注射液,NovartisPharmaAG;Novartis Pharma Stein AG;诺华（中国）生物医学研究有限公司,2020-08-05,2020-11-30,2020-12-07,通过降低脂蛋白(a) 水平减少心血管疾病的风险。,化药,1.0
CXHL1900440,苹果酸法米替尼胶囊,江苏恒瑞医药股份有限公司;江苏恒瑞医药股份有限公司;上海恒瑞医药有限公司,2020-10-21,2020-11-23,2020-11-30,注射用卡瑞利珠单抗联合苹果酸法米替尼胶囊治疗经过一线级以上治疗失败的复发转移性宫颈癌,化药,1.0
CXSL2000003,注射用卡瑞利珠单抗,苏州盛迪亚生物医药有限公司;苏州盛迪亚生物医药有限公司;江苏恒瑞医药股份有限公司;上海恒瑞医药有限公司,2020-10-21,2020-11-23,2020-11-30,注射用卡瑞利珠单抗联合苹果酸法米替尼胶囊治疗经过一线级以上治疗失败的复发转移性宫颈癌,治疗用生物制品,1.0
CXSL1700074,AK104注射液,中山康方生物医药有限公司,2020-09-03,2020-10-09,2020-10-15,既往含铂治疗期间或治疗后疾病进展的复发或转移性宫颈鳞癌（含腺鳞癌）,治疗用生物制品,1.0
JXHL1800184,TAK-788胶囊,"Millennium Pharmaceuticals, Inc.;Mayne Pharma Inc.;武田药品（中国）有限公司",2020-07-10,2020-09-29,2020-10-13,治疗既往至少接受过一次全身化疗的携带表皮生长因子受体（EGFR）20号外显子插入突变的局部晚期或转移性非小细胞肺癌（NSCLC）患者。,化药,1.0
JXSL1800050,JNJ-61186372注射液,"Janssen Research & Development, LLC;Janssen Pharmaceutica NV;Janssen Pharmaceutica NV, Fisher Clinical Services;西安杨森制药有限公司",2020-07-10,2020-09-29,2020-10-13,治疗含铂双药化疗期间或之后进展，或对含铂化疗不耐受的EGFR20号外显子插入突变的转移性或手术不可切除的NSCLC患者。,治疗用生物制品,1.0
CXHL1501868,AK0529肠溶胶囊,上海爱科百发生物医药技术有限公司,2020-07-22,2020-09-15,2020-09-22,本品拟用于呼吸道合胞病毒感染引起的上呼吸道感染和下呼吸道感染，包括病毒性支气管炎和肺炎,化药,1.1
CXSL1800002,JWCAR029（CD19靶向嵌合抗原受体T细胞）,上海明聚生物科技有限公司,2020-08-10,2020-09-09,2020-09-16,复发或难治性滤泡淋巴瘤。,治疗用生物制品,1.0
CXHL1600258,YY-20394片,上海璎黎药业有限公司,2020-07-16,2020-09-03,2020-09-10,复发和/或难治滤泡性淋巴瘤,化药,1.0
JXHL1700012,注射用普那布林浓溶液,大连万春布林医药有限公司,2020-07-26,2020-09-03,2020-09-10,“注射用普那布林浓溶液”与粒细胞集落刺激因子（G-CSF）联用，适用于非髓性恶性肿瘤患者中骨髓抑制性抗癌药物引起的重度中性粒细胞减少症（CIN）,化药,1.0
CXSL1700201,LCAR-B38M CAR-T细胞自体回输制剂（简称：LCAR-B38M细胞制剂）,南京传奇生物科技有限公司,2020-07-10,2020-08-05,2020-08-12,单药治疗复发或难治性多发性骨髓瘤成人患者，患者既往接受过至少三线治疗，其中包括至少一种蛋白酶体抑制剂和至少一种免疫调节剂。,治疗用生物制品,1.0
